{
    "name": "dnd5e-helpers",
    "title": "DnD5e Helpers",
    "description": "Little helpers for little tasks.",
    "systems": ["dnd5e"],
    "version": "2.0.2",
    "author": "honeybadger, Kandashi, hugoprudente",
    "authors": [
      {
        "name": "honeybadger",
        "url": "https://github.com/trioderegion"
      },
      {
        "name": "Kandashi",
        "url": "https://github.com/kandashi"
      },
      {
        "name": "hugoprudente",
        "url": "https://github.com/hugoprudente"
      }
    ],
    "esmodules": [
        "/scripts/dnd5e-helpers.js"
    ],
    "languages": [
      {
        "lang": "en",
        "name": "English",
        "path": "lang/en.json"
      },{
        "lang": "es",
        "name": "Spanish",
        "path": "lang/es.json"
      },{
        "lang": "fr",
        "name": "French",
        "path": "lang/fr.json"
      },{
        "lang": "pt-BR",
        "name": "Brazilian Portugues",
        "path": "lang/pt-BR.json"
      },{
        "lang": "ko",
        "name": "Korean",
        "path": "lang/ko.json"
      },{
        "lang": "ja",
        "name": "日本語",
        "path": "lang/ja.json"
      }
    ],
    "styles": [
      "/styles/dnd5e-helpers.css"
    ] ,
    "socket": true,
    "url": "https://github.com/trioderegion/dnd5e-helpers",
    "manifest": "https://raw.githubusercontent.com/trioderegion/dnd5e-helpers/master/module.json",
    "download": "https://github.com/trioderegion/dnd5e-helpers/raw/master/module.zip",
    "minimumCoreVersion": "0.7.5",
    "compatibleCoreVersion": "0.7.9"
}
