{
    "name": "dnd5e-helpers",
    "title": "DnD5e Helpers",
    "description": "Little helpers for little tasks.",
    "version": "1.8.2",
    "authors": [
      {
        "name": "honeybadger",
        "url": "https://github.com/trioderegion"
      },
      {
        "name": "Kandashi",
        "url": "https://github.com/kandashi"
      }
    ],
    "scripts": [
        "/scripts/dnd5e-helpers.js"
    ],
    "socket": true,
    "url": "https://github.com/trioderegion/dnd5e-helpers",
    "manifest": "https://raw.githubusercontent.com/trioderegion/dnd5e-helpers/master/module.json",
    "download": "https://github.com/trioderegion/dnd5e-helpers/raw/master/module.zip",
    "minimumCoreVersion": "0.7.5",
    "compatibleCoreVersion": "0.7.8"
}
